user_id,username,role,email,password,created_at
U0001,user1,pharmacist,user1@hospital.com,pass1@123,2024-12-14
U0002,user2,doctor,user2@hospital.com,pass2@123,2021-01-10
U0003,user3,doctor,user3@hospital.com,pass3@123,2023-05-22
U0004,user4,admin,user4@hospital.com,pass4@123,2022-07-31
U0005,user5,pharmacist,user5@hospital.com,pass5@123,2022-11-30
U0006,user6,receptionist,user6@hospital.com,pass6@123,2025-11-30
U0007,user7,doctor,user7@hospital.com,pass7@123,2023-04-10
U0008,user8,admin,user8@hospital.com,pass8@123,2023-11-10
U0009,user9,receptionist,user9@hospital.com,pass9@123,2024-01-08
U0010,user10,admin,user10@hospital.com,pass10@123,2025-06-16
U0011,user11,doctor,user11@hospital.com,pass11@123,2025-01-27
U0012,user12,receptionist,user12@hospital.com,pass12@123,2025-11-07
U0013,user13,doctor,user13@hospital.com,pass13@123,2024-03-30
U0014,user14,receptionist,user14@hospital.com,pass14@123,2026-01-28
U0015,user15,doctor,user15@hospital.com,pass15@123,2025-08-22
U0016,user16,pharmacist,user16@hospital.com,pass16@123,2021-12-10
U0017,user17,admin,user17@hospital.com,pass17@123,2026-01-05
U0018,user18,pharmacist,user18@hospital.com,pass18@123,2025-10-29
U0019,user19,receptionist,user19@hospital.com,pass19@123,2023-02-03
U0020,user20,pharmacist,user20@hospital.com,pass20@123,2022-02-21
U0021,user21,receptionist,user21@hospital.com,pass21@123,2023-12-19
U0022,user22,receptionist,user22@hospital.com,pass22@123,2024-10-28
U0023,user23,receptionist,user23@hospital.com,pass23@123,2024-10-11
U0024,user24,doctor,user24@hospital.com,pass24@123,2023-01-27
U0025,user25,doctor,user25@hospital.com,pass25@123,2021-03-06
U0026,user26,pharmacist,user26@hospital.com,pass26@123,2022-12-25
U0027,user27,pharmacist,user27@hospital.com,pass27@123,2025-01-03
U0028,user28,doctor,user28@hospital.com,pass28@123,2025-08-11
U0029,user29,pharmacist,user29@hospital.com,pass29@123,2025-07-08
U0030,user30,doctor,user30@hospital.com,pass30@123,2025-08-12
U0031,user31,doctor,user31@hospital.com,pass31@123,2024-03-14
U0032,user32,receptionist,user32@hospital.com,pass32@123,2022-08-17
U0033,user33,receptionist,user33@hospital.com,pass33@123,2024-11-09
U0034,user34,doctor,user34@hospital.com,pass34@123,2025-03-11
U0035,user35,admin,user35@hospital.com,pass35@123,2022-07-12
U0036,user36,admin,user36@hospital.com,pass36@123,2022-07-20
U0037,user37,receptionist,user37@hospital.com,pass37@123,2026-02-03
U0038,user38,pharmacist,user38@hospital.com,pass38@123,2021-04-23
U0039,user39,admin,user39@hospital.com,pass39@123,2022-01-27
U0040,user40,pharmacist,user40@hospital.com,pass40@123,2024-02-09
U0041,user41,doctor,user41@hospital.com,pass41@123,2023-06-09
U0042,user42,pharmacist,user42@hospital.com,pass42@123,2022-11-10
U0043,user43,pharmacist,user43@hospital.com,pass43@123,2021-05-25
U0044,user44,admin,user44@hospital.com,pass44@123,2021-11-09
U0045,user45,pharmacist,user45@hospital.com,pass45@123,2026-02-02
U0046,user46,doctor,user46@hospital.com,pass46@123,2025-07-24
U0047,user47,admin,user47@hospital.com,pass47@123,2023-02-26
U0048,user48,admin,user48@hospital.com,pass48@123,2024-01-11
U0049,user49,doctor,user49@hospital.com,pass49@123,2023-11-12
U0050,user50,admin,user50@hospital.com,pass50@123,2022-07-26
U0051,user51,receptionist,user51@hospital.com,pass51@123,2021-03-16
U0052,user52,admin,user52@hospital.com,pass52@123,2023-09-08
U0053,user53,receptionist,user53@hospital.com,pass53@123,2024-01-14
U0054,user54,doctor,user54@hospital.com,pass54@123,2023-02-20
U0055,user55,doctor,user55@hospital.com,pass55@123,2021-07-03
U0056,user56,receptionist,user56@hospital.com,pass56@123,2022-05-16
U0057,user57,admin,user57@hospital.com,pass57@123,2023-02-08
U0058,user58,admin,user58@hospital.com,pass58@123,2026-05-07
U0059,user59,doctor,user59@hospital.com,pass59@123,2025-03-17
U0060,user60,doctor,user60@hospital.com,pass60@123,2022-03-15
U0061,user61,admin,user61@hospital.com,pass61@123,2023-04-05
U0062,user62,doctor,user62@hospital.com,pass62@123,2022-03-19
U0063,user63,pharmacist,user63@hospital.com,pass63@123,2023-11-08
U0064,user64,receptionist,user64@hospital.com,pass64@123,2021-05-09
U0065,user65,admin,user65@hospital.com,pass65@123,2025-06-22
U0066,user66,receptionist,user66@hospital.com,pass66@123,2022-12-06
U0067,user67,receptionist,user67@hospital.com,pass67@123,2021-01-21
U0068,user68,doctor,user68@hospital.com,pass68@123,2023-11-09
U0069,user69,admin,user69@hospital.com,pass69@123,2024-03-14
U0070,user70,admin,user70@hospital.com,pass70@123,2024-09-09
U0071,user71,doctor,user71@hospital.com,pass71@123,2021-09-06
U0072,user72,pharmacist,user72@hospital.com,pass72@123,2024-08-22
U0073,user73,receptionist,user73@hospital.com,pass73@123,2022-08-08
U0074,user74,receptionist,user74@hospital.com,pass74@123,2024-11-15
U0075,user75,receptionist,user75@hospital.com,pass75@123,2021-12-05
U0076,user76,doctor,user76@hospital.com,pass76@123,2023-12-10
U0077,user77,doctor,user77@hospital.com,pass77@123,2024-09-22
U0078,user78,admin,user78@hospital.com,pass78@123,2024-09-04
U0079,user79,doctor,user79@hospital.com,pass79@123,2021-01-19
U0080,user80,receptionist,user80@hospital.com,pass80@123,2021-08-22
U0081,user81,doctor,user81@hospital.com,pass81@123,2022-10-21
U0082,user82,receptionist,user82@hospital.com,pass82@123,2024-03-04
U0083,user83,doctor,user83@hospital.com,pass83@123,2025-06-09
U0084,user84,admin,user84@hospital.com,pass84@123,2022-12-31
U0085,user85,receptionist,user85@hospital.com,pass85@123,2022-12-26
U0086,user86,receptionist,user86@hospital.com,pass86@123,2022-03-25
U0087,user87,doctor,user87@hospital.com,pass87@123,2025-05-08
U0088,user88,admin,user88@hospital.com,pass88@123,2023-05-31
U0089,user89,pharmacist,user89@hospital.com,pass89@123,2021-04-16
U0090,user90,admin,user90@hospital.com,pass90@123,2024-01-13
U0091,user91,receptionist,user91@hospital.com,pass91@123,2025-10-23
U0092,user92,doctor,user92@hospital.com,pass92@123,2021-01-12
U0093,user93,pharmacist,user93@hospital.com,pass93@123,2022-07-06
U0094,user94,pharmacist,user94@hospital.com,pass94@123,2024-09-30
U0095,user95,doctor,user95@hospital.com,pass95@123,2023-05-24
U0096,user96,receptionist,user96@hospital.com,pass96@123,2025-12-20
U0097,user97,pharmacist,user97@hospital.com,pass97@123,2021-10-09
U0098,user98,doctor,user98@hospital.com,pass98@123,2023-11-26
U0099,user99,doctor,user99@hospital.com,pass99@123,2022-11-10
U0100,user100,pharmacist,user100@hospital.com,pass100@123,2023-09-12
